rank,title,performer,label,fav,price_from,status,reason,comment,watched
1,顔だけでヌケるのに脱いでも凄い！ 神女優26名との80SEX,瀬戸環奈・河北彩花ほか,独占,14970,500,ok,,,
2,ガチナンパ！ 結婚式帰りの女性がお口だけでコンドーム装着に挑戦！,（素人）,準新作,16228,500,review,素人作品の年齢表記を確認,,
3,快感潮吹き絶頂…ひたすら大量潮吹きオーガズム,坂道みる,独占,27778,300,ok,,,
4,裸神 瀬戸環奈,瀬戸環奈,独占,17073,340,ok,,,
5,最強ヒロインの全部でオナニーしようよ,瀬戸環奈,独占・新作,21190,2180,ok,,,
6,元気なパイパン膣に13発 はじめての真正中出し解禁,花守夏歩,準新作,26711,1480,ng,表紙が制服,,
7,【VR】【8K】自宅ではノーパンノーブラ先輩に我慢できず…,釈アリス,独占・最新作,5129,1280,review,題名の表現を確認,,
8,【福袋】松本菜奈実Jカップ神乳vol.1 854分,松本菜奈実,福袋,4218,310,ok,,,
9,「今日はアブノーマルなエッチがしたい…」そう甘えるCA彼女を…,河北彩花,独占・最新作,21157,2180,ok,,,
10,素人JD【限定】ゆずはちゃん20歳,（素人）,—,25801,300,review,素人・年齢表記を確認,,
11,借金漬けヤンママAV返済,須藤かおる,独占・最新作,14310,2692,ng,債務を題材（強要を連想）,,
12,最強ビジュOLさん、出張先で死ぬほど嫌いな中年上司と相部屋…,瀬戸環奈,独占・新作,47308,2180,review,題名の表現を確認,,
13,マジックミラー号ハードボイルド 街行く女子大生限定！マン圧クレーンゲーム,（素人）,先行,9343,2130,review,素人企画・年齢表記を確認,,
14,いつでもどこでも…僕専用オナホ生徒,石川澪,独占,24135,500,ng,制服（生徒）設定,,
15,ノーカット真正中出し41発＋α 大量ザーメン注入ドキュメント,泉りおん・宇流木さらら,—,18698,1480,ok,,,
16,【VR】「私のお口とマ○コを好きに使ってください♪」全肯定…,持野蓬,独占・新作,6893,698,ok,,,
17,MINAMO 初総集編！超大型新人としてAV DEBUTを飾った…25タイトル10時間,MINAMO,—,10855,500,ok,,,
18,キレイ系女上司とカワイイ系女部下との社内2股がバレて…,葵つかさ・miru,独占,9523,300,ok,,,
19,エステ専門学校のオープンキャンパスに行ったら男はボク1人！体験実習…,（複数）,独占,11235,300,ng,学校見学・入学予定者（未成年連想の可能性）,,
20,厳選美少女 素人ムクムクBEST 制服・中出し…,（素人）,独占,17111,300,ng,制服,,
21,【特典映像収録版】新人NO.1STYLE 蒼井すず AVデビュー,蒼井すず,独占・予約,12318,2680,ok,,,
22,人生壊れてもいいから犯したい… 水卜さくらレ×プ15本番4時間BEST,水卜さくら,独占,16519,300,ng,暴力・犯罪を連想させる題名,,
23,【VR】初めてのお泊まりデートから4年…,石川澪,独占・新作,19422,500,ok,,,
24,苦手な同僚と飲み会帰りに勢いでワンナイトしてしまったら膣奥フィット…,青空ひかり,準新作,17324,500,ok,,,
25,「会社でこんな事させるなんて変態ですね…」（児玉さん）生真面目すぎ…,児玉七海,独占,22701,500,ok,,,
26,【VR】【8K】松永あかり 初VR 同棲生活×顔面特化×10射精,松永あかり,新作,6947,1180,ok,,,
27,特大号新人 NO.1 STYLE 希望みう AVデビュー,希望みう,独占・最新作,28500,2180,ok,,,
28,三上悠亜と新ありなと相沢みなみ,三上悠亜・相沢みなみ・新ありな,独占,40542,300,ok,,,
29,美人カフェ店員が出勤〜退勤まで。変態クレーマーが…セクハラ,（表示なし）,準新作,8300,500,ng,セクハラ・暴力的な題名,,
30,ゆるふわ系保育科女子大生 やさしい笑顔・Hカップ… 初総集編 10時間,彩月七緒,—,19825,300,review,「女子大生」表記・年齢設定を確認,,
