rank,type,title,creator,discount_pct,price_now,price_orig,sale_end,end_approx,status,reason,comment,watched
1,コミック,みんなが誰かと付き合えるまでの話,フグタ家,30,1155,1650,2026-11-01,0,ng,表紙が制服風（未成年連想の可能性）,,
2,ゲーム(一部AI),【スマホ対応】時が止まった学校で2（ゲーム版）,電脳戯画,40,2310,3850,2026-10-16,0,ng,学校設定＋時間停止,,
3,コミック,ママさんバレーでママオナホ・開幕戦と決勝戦！,闇に蠢く,10,990,1100,2026-10-31,0,review,題名の表現を確認,,
4,コミック,どうやら僕は「性欲があることが異常すぎて死ぬほど心配される世界線」にやってきたらしい,ひやしまくら,15,841,990,2026-10-12,1,ng,表紙が制服風,,
5,コミック,彼女催●4,乱視と君と。,15,748,880,2026-10-20,0,ng,催眠,,
6,CG,なのはなジャム大全～100作品コンプリート～,なのはなジャム,80,2200,11000,2026-10-14,1,review,収録が多く全確認が困難,,
7,コミック,爆乳アイドル淫魔忍 蜜里 其の一 上巻+下巻,汗まみれ定食,30,1155,1650,2026-10-12,1,review,題名・表紙の表現（敗北・拘束的）を確認,,
8,コミック,バツイチおばさんと説教人妻、ワケあり熟れまんオナホにします。,ゴールデンバズーカ,10,990,1100,2026-10-11,1,ng,強要を思わせる題名,,
9,コミック,姉弟でシたらいけません,柵野14,30,1386,1980,2026-10-08,0,ng,近親＋終了済み,,
10,コミック,いつも眉間にシワを寄せている性格のキツいババア先輩（29）は酔うとドスケベ痴女になる,とっくに特区,10,990,1100,2026-11-01,0,review,題名の表現を確認,,
13,コミック,FGO総集編,なしぱす屋,40,1584,2640,2026-10-25,0,review,二次創作・キャラの年齢設定を確認,,
15,コミック,隣の席のダウナーギャルは僕のことを独占したい！,くりーむがろん,10,1089,1210,2026-11-01,0,review,学校設定の有無を確認,,
16,ゲーム,カルティベーター ～引退騎士とモン娘のにぎやか開拓記～,ふらいんぐパンジャンドラム,30,5390,7700,2026-10-31,0,ok,,,
17,ゲーム,【アニメ・フルボイス対応！】無防備すぎるボクっ娘のHな受難,スタジオVR,50,1870,3740,2026-10-29,0,review,キャラクターの年齢を確認,,
20,コミック,セフレ妻ゆかり Vol.04（上）,アイソカーブ,18,990,1210,2026-10-26,0,ok,,,
21,ゲーム,パパ活パンデミクス - 女子大生ビッチ化計画 -,EVSJ,20,2376,2970,2026-10-24,0,ng,洗脳の要素（題名）,,
23,コミック,夏休みのハーレム2・姉～田舎で姉妹ハーレム！優等生な姉に甘やかされＨ～,グラフィックL,10,990,1100,2026-10-11,1,ng,近親,,
24,コミック,金髪巨乳アニオタ留学生ちょろすぎwww,三崎,10,693,770,2026-11-01,0,review,年齢設定を確認,,
25,コミック,ミガワリ総集編 ＋ 描き下ろし漫画21ページ,すまいるふぉらんかんぱにぃ。,50,1100,2200,2026-11-02,0,review,表紙に首輪・拘束的表現,,
26,ゲーム(一部AI),【スマホ対応】時間停止催●でJKにいたずらし放題な件について,セフィロンソフト,30,2079,2970,2026-10-12,1,ng,JK表記・時間停止・催眠,,
29,コミック,叔母真奈美 家族の前で孕ませ牝交尾 あこがれの叔母を寝取る4最終章,ミルフ書房,10,990,1100,2026-11-08,0,ng,近親,,
30,コミック,クレイジースイマーSS Another,みしかるわーるど,20,1584,1980,2026-10-19,0,ng,近親（妹）,,
